"Author","Claim","ColonyAgency?","FocalScale","HumanAgency?","Link","NestmateAgency","Remarks....","Title","Type","Year","rowId"
"{""value"":""Leland C. Wyman""}","{""value"":""I don't have the book, so can't really draw claims -- can cite as example of a media used to explore the question though.""}","{""value"":""""}","{""value"":{""name"":""Nestmate, Colony, Human"",""type"":""ref"",""rowId"":""i-RlAd7Co4eW"",""targetTableId"":""grid--O800Jgej_-select-list-c-cCFbjbzsAN""}}","{""value"":""""}","{""value"":{""url"":""https://www.amazon.com/Red-Antway-Navaho-Leland-Wyman/dp/B00BW3O3NO"",""name"":""https://www.amazon.com/Red-Antway-Navaho-Leland-Wyman/dp/B00BW3O3NO"",""type"":""urlref""}}","{""value"":""""}","{""value"":""""}","{""value"":""The Red Antway of the Navaho""}","{""value"":{""name"":""Story"",""type"":""ref"",""rowId"":""i-zz7ye1BdNv"",""targetTableId"":""grid--O800Jgej_-select-list-c-5hxrpO1Q78""}}","{""value"":""1965""}","i-J8kAPqotEq"
"{""value"":""Blackburn T.""}","{""value"":""""}","{""value"":""""}","{""value"":{""name"":""Nestmate, Human"",""type"":""ref"",""rowId"":""i-e1PwY4l34y"",""targetTableId"":""grid--O800Jgej_-select-list-c-cCFbjbzsAN""}}","{""value"":""""}","{""value"":{""url"":""https://escholarship.org/uc/item/2gr06809"",""name"":""https://escholarship.org/uc/item/2gr06809"",""type"":""urlref""}}","{""value"":""""}","{""value"":""""}","{""value"":""A query regarding the possible hallucinogenic effects of Ant ingestion in South-Central California""}","{""value"":{""name"":""Paper"",""type"":""ref"",""rowId"":""i-gSz_jhLynk"",""targetTableId"":""grid--O800Jgej_-select-list-c-5hxrpO1Q78""}}","{""value"":""1976""}","i-Gj-Q5Z3JXA"
"{""value"":""Douglas Hofstadter""}","{""value"":""Aunt Hilary, the colony, has a personality. ""}","{""value"":{""name"":""5"",""type"":""ref"",""rowId"":""i-fpFlNv9Mzz"",""targetTableId"":""grid--O800Jgej_-select-list-c-DRghTQTpVq""}}","{""value"":{""name"":""Nestmate, Colony, Human"",""type"":""ref"",""rowId"":""i-RlAd7Co4eW"",""targetTableId"":""grid--O800Jgej_-select-list-c-cCFbjbzsAN""}}","{""value"":{""name"":""9"",""type"":""ref"",""rowId"":""i-EphzA4p4cn"",""targetTableId"":""grid--O800Jgej_-select-list-c-omAD6hoPCJ""}}","{""value"":{""url"":""https://en.wikipedia.org/wiki/G%C3%B6del,_Escher,_Bach"",""name"":""https://en.wikipedia.org/wiki/G%C3%B6del,_Escher,_Bach"",""type"":""urlref""}}","{""value"":{""name"":""1"",""type"":""ref"",""rowId"":""i-dcR1hFjdZf"",""targetTableId"":""grid--O800Jgej_-select-list-c-s2XU6Fs8Xl""}}","{""value"":""""}","{""value"":{""url"":""https://docs.google.com/spreadsheets/d/1-X_ft-emTY7MWhoqPT8w61FG%C3%B6del,%20Escher,%20Bach9TovXmecwaCFIwgjW0mU/edit#gid=0"",""name"":""https://docs.google.com/spreadsheets/d/1-X_ft-emTY7MWhoqPT8w61FG%C3%B6del,%20Escher,%20Bach9TovXmecwaCFIwgjW0mU/edit#gid=0"",""type"":""urlref""}}","{""value"":{""name"":""Book"",""type"":""ref"",""rowId"":""i-wDjFfxuuZr"",""targetTableId"":""grid--O800Jgej_-select-list-c-5hxrpO1Q78""}}","{""value"":""1979""}","i-95Sd-f8g-A"
"{""value"":""Maxis""}","{""value"":""Only nestmates and humans make actions. But everyone is in a video game""}","{""value"":{""name"":""0"",""type"":""ref"",""rowId"":""i-TDGWexfAbX"",""targetTableId"":""grid--O800Jgej_-select-list-c-DRghTQTpVq""}}","{""value"":{""name"":""Nestmate, Colony, Human"",""type"":""ref"",""rowId"":""i-RlAd7Co4eW"",""targetTableId"":""grid--O800Jgej_-select-list-c-cCFbjbzsAN""}}","{""value"":{""name"":""8"",""type"":""ref"",""rowId"":""i-eYh7M1czwW"",""targetTableId"":""grid--O800Jgej_-select-list-c-omAD6hoPCJ""}}","{""value"":{""url"":""https://en.wikipedia.org/wiki/SimAnt"",""name"":""https://en.wikipedia.org/wiki/SimAnt"",""type"":""urlref""}}","{""value"":{""name"":""7"",""type"":""ref"",""rowId"":""i-8fw14GmSdc"",""targetTableId"":""grid--O800Jgej_-select-list-c-s2XU6Fs8Xl""}}","{""value"":""""}","{""value"":""SimAnt""}","{""value"":{""name"":""Video Game"",""type"":""ref"",""rowId"":""i-QrsjFckq-q"",""targetTableId"":""grid--O800Jgej_-select-list-c-5hxrpO1Q78""}}","{""value"":""1991""}","i-NVm3JrvpDL"
"{""value"":""A. S. Byatt""}","{""value"":""\""Their whole existence is directed only to the nuptial dance and the fertilisation of the Queens. Their eyes are huge and keen. Their sexual organs, as the fatal day approaches, occupy almost the whole of their body. They are flying amorous projectiles, truly no more than the burning arrows of the winged and blindfold god of Love. And after their day of glory, they are unnecessary and unwanted.(p103)\""""}","{""value"":""""}","{""value"":{""name"":""Nestmate"",""type"":""ref"",""rowId"":""i-VXq2DmJdSG"",""targetTableId"":""grid--O800Jgej_-select-list-c-cCFbjbzsAN""}}","{""value"":""""}","{""value"":{""url"":""https://en.wikipedia.org/wiki/Morpho_Eugenia"",""name"":""https://en.wikipedia.org/wiki/Morpho_Eugenia"",""type"":""urlref""}}","{""value"":""""}","{""value"":""""}","{""value"":""Morpho Eugenia""}","{""value"":{""name"":""Book"",""type"":""ref"",""rowId"":""i-wDjFfxuuZr"",""targetTableId"":""grid--O800Jgej_-select-list-c-5hxrpO1Q78""}}","{""value"":""1992""}","i-HUpgMwxWbt"
"{""value"":""Groark KP.""}","{""value"":""""}","{""value"":""""}","{""value"":{""name"":""Nestmate, Human"",""type"":""ref"",""rowId"":""i-e1PwY4l34y"",""targetTableId"":""grid--O800Jgej_-select-list-c-cCFbjbzsAN""}}","{""value"":""""}","{""value"":{""url"":""https://researchers.mq.edu.au/en/publications/ritual-and-therapeutic-use-of-hallucinogenic-harvester-ants-pogon"",""name"":""https://researchers.mq.edu.au/en/publications/ritual-and-therapeutic-use-of-hallucinogenic-harvester-ants-pogon"",""type"":""urlref""}}","{""value"":""""}","{""value"":""""}","{""value"":""Ritual and therapeutic use of “hallucinogenic” harvester ants (Pogonomyrmex) in native south-central California.""}","{""value"":{""name"":""Paper"",""type"":""ref"",""rowId"":""i-gSz_jhLynk"",""targetTableId"":""grid--O800Jgej_-select-list-c-5hxrpO1Q78""}}","{""value"":""1996""}","i-EcsQhkclET"
"{""value"":""Eric Darnell and Tim Johnson""}","{""value"":""""}","{""value"":{""name"":""0"",""type"":""ref"",""rowId"":""i-TDGWexfAbX"",""targetTableId"":""grid--O800Jgej_-select-list-c-DRghTQTpVq""}}","{""value"":{""name"":""Nesmate, Colony"",""type"":""ref"",""rowId"":""i-5DVzmsNmfR"",""targetTableId"":""grid--O800Jgej_-select-list-c-cCFbjbzsAN""}}","{""value"":{""name"":""NA"",""type"":""ref"",""rowId"":""i-tqHMLjXPHk"",""targetTableId"":""grid--O800Jgej_-select-list-c-omAD6hoPCJ""}}","{""value"":{""url"":""https://en.wikipedia.org/wiki/Antz"",""name"":""https://en.wikipedia.org/wiki/Antz"",""type"":""urlref""}}","{""value"":{""name"":""7"",""type"":""ref"",""rowId"":""i-8fw14GmSdc"",""targetTableId"":""grid--O800Jgej_-select-list-c-s2XU6Fs8Xl""}}","{""value"":""""}","{""value"":""Antz""}","{""value"":{""name"":""Movie"",""type"":""ref"",""rowId"":""i-3gA8wFUhYF"",""targetTableId"":""grid--O800Jgej_-select-list-c-5hxrpO1Q78""}}","{""value"":""1998""}","i-HNTkiyOmgX"
"{""value"":""Pixar Animation Studios""}","{""value"":""""}","{""value"":{""name"":""0"",""type"":""ref"",""rowId"":""i-TDGWexfAbX"",""targetTableId"":""grid--O800Jgej_-select-list-c-DRghTQTpVq""}}","{""value"":{""name"":""Nesmate, Colony"",""type"":""ref"",""rowId"":""i-5DVzmsNmfR"",""targetTableId"":""grid--O800Jgej_-select-list-c-cCFbjbzsAN""}}","{""value"":{""name"":""NA"",""type"":""ref"",""rowId"":""i-tqHMLjXPHk"",""targetTableId"":""grid--O800Jgej_-select-list-c-omAD6hoPCJ""}}","{""value"":{""url"":""https://en.wikipedia.org/wiki/A_Bug%27s_Life"",""name"":""https://en.wikipedia.org/wiki/A_Bug%27s_Life"",""type"":""urlref""}}","{""value"":{""name"":""7"",""type"":""ref"",""rowId"":""i-8fw14GmSdc"",""targetTableId"":""grid--O800Jgej_-select-list-c-s2XU6Fs8Xl""}}","{""value"":""""}","{""value"":""A Bug's Life""}","{""value"":{""name"":""Movie"",""type"":""ref"",""rowId"":""i-3gA8wFUhYF"",""targetTableId"":""grid--O800Jgej_-select-list-c-5hxrpO1Q78""}}","{""value"":""1998""}","i-jpLZqDHJmT"
"{""value"":""K. Frankish & D. Dennett""}","{""value"":""\""What is it like to be an ant colony, well it’s not like anything to be an ant colony even if it’s like something to be an individual ant, so people think. Well, stop and think. A brain is composed of billions of neurons, each one of those is a lot stupider than an ant. They happen to be enclosed in a skull and they inter communications are rich but of the same sort that is possible between one ant and another. Now if we open up somebody’s head and we found inside, not neurons but millions of little ants, maybe we would say, oh gosh, maybe it’s not like anything to be this person. Well an ant colony can exhibit a lot of the same unified behaviour a lot of the same protracted projects common caused that an organism inside a skin can exhibit. Now if you think it’s pretty obvious that an ant colony is not something that is itself conscious so that you say, well this any colony is thinking about something, about the weather right now. If you’re quite sure that an ant colony isn’t conscious then you should be at least willing to entertain the hypothesis that a bird is just as unconscious as an ant colony is. Now I’m deliberately setting the bar high, forcing the burden of proof onto those who say, it’s just obvious that say other mammals at least are conscious the way we are.\""""}","{""value"":{""name"":""0"",""type"":""ref"",""rowId"":""i-TDGWexfAbX"",""targetTableId"":""grid--O800Jgej_-select-list-c-DRghTQTpVq""}}","{""value"":{""name"":""Nestmate, Colony"",""type"":""ref"",""rowId"":""i-tJw3cr0XJY"",""targetTableId"":""grid--O800Jgej_-select-list-c-cCFbjbzsAN""}}","{""value"":{""name"":""2"",""type"":""ref"",""rowId"":""i-CxjtsLH80C"",""targetTableId"":""grid--O800Jgej_-select-list-c-omAD6hoPCJ""}}","{""value"":{""url"":""http://media-podcast.open.ac.uk/feeds/aa308-thought-experience/transcript/aa308thought13.pdf"",""name"":""http://media-podcast.open.ac.uk/feeds/aa308-thought-experience/transcript/aa308thought13.pdf"",""type"":""urlref""}}","{""value"":{""name"":""1"",""type"":""ref"",""rowId"":""i-dcR1hFjdZf"",""targetTableId"":""grid--O800Jgej_-select-list-c-s2XU6Fs8Xl""}}","{""value"":""Similar to other Dennett posting""}","{""value"":""Thought and Experience: Consciousness Explained""}","{""value"":{""name"":""Interview"",""type"":""ref"",""rowId"":""i-GaLpXCGz5L"",""targetTableId"":""grid--O800Jgej_-select-list-c-5hxrpO1Q78""}}","{""value"":""2004""}","i-pc7hI6U8in"
"{""value"":""Daniel C. Dennett""}","{""value"":""\""What is it like to be an ant colony? Nothing, I submit, and I think most would agree intuitively.\""""}","{""value"":{""name"":""0"",""type"":""ref"",""rowId"":""i-TDGWexfAbX"",""targetTableId"":""grid--O800Jgej_-select-list-c-DRghTQTpVq""}}","{""value"":{""name"":""Colony"",""type"":""ref"",""rowId"":""i-VHS2IrBkkR"",""targetTableId"":""grid--O800Jgej_-select-list-c-cCFbjbzsAN""}}","{""value"":{""name"":""2"",""type"":""ref"",""rowId"":""i-CxjtsLH80C"",""targetTableId"":""grid--O800Jgej_-select-list-c-omAD6hoPCJ""}}","{""value"":{""url"":""https://www.edge.org/response-detail/11902"",""name"":""https://www.edge.org/response-detail/11902"",""type"":""urlref""}}","{""value"":{""name"":""1"",""type"":""ref"",""rowId"":""i-dcR1hFjdZf"",""targetTableId"":""grid--O800Jgej_-select-list-c-s2XU6Fs8Xl""}}","{""value"":""Classic denialist Dennett.""}","{""value"":""2005 : WHAT DO YOU BELIEVE IS TRUE EVEN THOUGH YOU CANNOT PROVE IT?""}","{""value"":{""name"":""Blog"",""type"":""ref"",""rowId"":""i-Mr2Q81Q3xz"",""targetTableId"":""grid--O800Jgej_-select-list-c-5hxrpO1Q78""}}","{""value"":""2005""}","i-OwS0FEWJdg"
"{""value"":""Jessica Lewis Luck""}","{""value"":""Is about Bees, still could be relevAnt though.""}","{""value"":""""}","{""value"":{""name"":""Need to read it deeper"",""type"":""ref"",""rowId"":""i-q2d3KLPCgs"",""targetTableId"":""grid--O800Jgej_-select-list-c-cCFbjbzsAN""}}","{""value"":""""}","{""value"":{""url"":""https://www.jstor.org/stable/20455330?seq=1#metadata_info_tab_contents"",""name"":""https://www.jstor.org/stable/20455330?seq=1#metadata_info_tab_contents"",""type"":""urlref""}}","{""value"":""""}","{""value"":""""}","{""value"":""Exploring the \""Mind of the Hive\"": Embodied Cognition in Sylvia Plath's Bee Poems""}","{""value"":{""name"":""Paper"",""type"":""ref"",""rowId"":""i-gSz_jhLynk"",""targetTableId"":""grid--O800Jgej_-select-list-c-5hxrpO1Q78""}}","{""value"":""2007""}","i-KbyUI4sSXo"
"{""value"":""DreamWorks Animation""}","{""value"":""Humans and Insects can make decisions. Colonies don't see to have any emergence or cognition.""}","{""value"":{""name"":""0"",""type"":""ref"",""rowId"":""i-TDGWexfAbX"",""targetTableId"":""grid--O800Jgej_-select-list-c-DRghTQTpVq""}}","{""value"":{""name"":""Nestmate, Colony, Human"",""type"":""ref"",""rowId"":""i-RlAd7Co4eW"",""targetTableId"":""grid--O800Jgej_-select-list-c-cCFbjbzsAN""}}","{""value"":{""name"":""9"",""type"":""ref"",""rowId"":""i-EphzA4p4cn"",""targetTableId"":""grid--O800Jgej_-select-list-c-omAD6hoPCJ""}}","{""value"":{""url"":""https://en.wikipedia.org/wiki/Bee_Movie"",""name"":""https://en.wikipedia.org/wiki/Bee_Movie"",""type"":""urlref""}}","{""value"":{""name"":""9"",""type"":""ref"",""rowId"":""i-22NpeqvMrK"",""targetTableId"":""grid--O800Jgej_-select-list-c-s2XU6Fs8Xl""}}","{""value"":""""}","{""value"":""Bee Movie""}","{""value"":{""name"":""Movie"",""type"":""ref"",""rowId"":""i-3gA8wFUhYF"",""targetTableId"":""grid--O800Jgej_-select-list-c-5hxrpO1Q78""}}","{""value"":""2007""}","i-qT0q5749bi"
"{""value"":""Carol Hart""}","{""value"":""From the C. Parry 2012 citation -- \""Carol Hart’s A history of the novel in ants tells the life-story of a queen ant from egg, through colony-founding, to her death and the new colony of one of her daughters, and it does this via the conceit of chapters rendered as the different stages and genres of the novel form, beginning with ‘Picaresque Ant’, and ending with ‘Magical Realism Ant’. Although these are scientifically accurate ant lives they are anthropomorphised, and although members of the colony frequently deplore expressions of individual identity and inclinations some ants have names, personalities and private hopes. For example, in the Epistolary chapter the heroine, Thrip, exchanges letters with her mother Regina, asking for advice about bringing up baby. Regina, learning that Thrip has named her grub-babies, reprimands her daughter for harbouring “the disturbing notion that your larvae are individuals”(p43). Here the text replicates and reflects on the form and contextual aspects of the epistolary genre, and draws attention to its anthropomorphic act of ventriloquism over the text’s scientifically accurate rendering of ant biology, society and behaviour.\""""}","{""value"":""""}","{""value"":{""name"":""Nestmate"",""type"":""ref"",""rowId"":""i-VXq2DmJdSG"",""targetTableId"":""grid--O800Jgej_-select-list-c-cCFbjbzsAN""}}","{""value"":""""}","{""value"":{""url"":""https://www.amazon.com/History-Novel-Ants-Carol-Hart/dp/0979520436/ref=tmm_pap_swatch_0?_encoding=UTF8&qid=&sr="",""name"":""https://www.amazon.com/History-Novel-Ants-Carol-Hart/dp/0979520436/ref=tmm_pap_swatch_0?_encoding=UTF8&qid=&sr="",""type"":""urlref""}}","{""value"":""""}","{""value"":""""}","{""value"":""A history of the novel in ants""}","{""value"":{""name"":""Book"",""type"":""ref"",""rowId"":""i-wDjFfxuuZr"",""targetTableId"":""grid--O800Jgej_-select-list-c-5hxrpO1Q78""}}","{""value"":""2010""}","i-Vsb2ss7b_1"
"{""value"":""EO Wilson ""}","{""value"":""From the C. Parry 2012 citation -- \""There’s plainly a point being made about human expansion and behaviour, but it also suggests that ants, although not automatons, are genetically and instinctually obliged to follow this destructive course and that humans aren’t – we may have genetic limitations, but our genes allow us to make a choice. The failure of Supercolony allows a smaller, sustainable colony to flourish. This colony’s narrated as a superorganism, but the component parts of this entity are not mere mindless “specks”. A small number of ants are individualised by their activities – a more adventurous scout, a soldier who fires the first shot in a war, a worker who seems to be lazy by nature – so while these ants are limited to instinctual behaviour this doesn’t mean that every ant’s exactly the same. They have a small range of individual characteristics.\""""}","{""value"":{""name"":""3"",""type"":""ref"",""rowId"":""i-b7iInrMq5o"",""targetTableId"":""grid--O800Jgej_-select-list-c-DRghTQTpVq""}}","{""value"":{""name"":""Nestmate, Colony, Human"",""type"":""ref"",""rowId"":""i-RlAd7Co4eW"",""targetTableId"":""grid--O800Jgej_-select-list-c-cCFbjbzsAN""}}","{""value"":{""name"":""8"",""type"":""ref"",""rowId"":""i-eYh7M1czwW"",""targetTableId"":""grid--O800Jgej_-select-list-c-omAD6hoPCJ""}}","{""value"":{""url"":""https://www.wired.com/2010/04/e-o-wilsons-scientifiction-anthill/"",""name"":""https://www.wired.com/2010/04/e-o-wilsons-scientifiction-anthill/"",""type"":""urlref""}}","{""value"":{""name"":""2"",""type"":""ref"",""rowId"":""i-agU1r1-mv6"",""targetTableId"":""grid--O800Jgej_-select-list-c-s2XU6Fs8Xl""}}","{""value"":""""}","{""value"":""Anthill""}","{""value"":{""name"":""Book"",""type"":""ref"",""rowId"":""i-wDjFfxuuZr"",""targetTableId"":""grid--O800Jgej_-select-list-c-5hxrpO1Q78""}}","{""value"":""2010""}","i-SDDYtZb-MU"
"{""value"":""Jinny Johnson""}","{""value"":""Not sure, cannot access. Thankfully Ms Sandra has read the book aloud: https://www.youtube.com/watch?v=1iP-sygQMwU""}","{""value"":""""}","{""value"":{""name"":""Nestmate"",""type"":""ref"",""rowId"":""i-VXq2DmJdSG"",""targetTableId"":""grid--O800Jgej_-select-list-c-cCFbjbzsAN""}}","{""value"":""""}","{""value"":{""url"":""https://www.amicuspublishing.us/books/amicus-illustrated/what%E2%80%99s-it-be/what%E2%80%99s-it-be-ant"",""name"":""https://www.amicuspublishing.us/books/amicus-illustrated/what%E2%80%99s-it-be/what%E2%80%99s-it-be-ant"",""type"":""urlref""}}","{""value"":""""}","{""value"":""Chilren's book. It is hard work, busy times.""}","{""value"":""What's It Like To Be An Ant?""}","{""value"":{""name"":""Children's Book"",""type"":""ref"",""rowId"":""i-yK5mYqizCR"",""targetTableId"":""grid--O800Jgej_-select-list-c-5hxrpO1Q78""}}","{""value"":""2011""}","i-XvUopP7yka"
"{""value"":""Catherine Parry""}","{""value"":""\""Late Victorian psychologist and myrmecologist Auguste Forel describes snipping body parts off live ants in the course of experiments, but after having qualms about whether this is cruel decides that ants can suffer, although in a vastly lower degree to himself, and stops mutilating them.\""..........\"" Johannes Nider was a fifteenth century Dominican friar who published Formicarius or Ant Hill in which he proposed ants as providing a model for an orderly, pious and Christian society – one of many utopian visions for which ants are the source data – and this is in the same book as a treatise on how to recognise witchcraft and punish witches. A more demonic but also more modern and humanist brand of ant metaphor is suggested by the first line of Baudelaire’s 1857 poem ‘Les Sept Vieillards’ (‘The Seven Old Men’), “Fourmillante cité, cité pleine de rêves”, which is followed by a frightening and uncanny encounter with a “sinister” replicating old man. Fourmillante is derived from fourmis, the French for ant, meaning ‘swarming’, but variously translated as “City swarming with people, how full you are of dreams!”,1 “Teeming city”,2 “Swarming city”,3 “Ant-seething city”,4 and “swarming anthill city”. \""""}","{""value"":""""}","{""value"":{""name"":""Nestmate"",""type"":""ref"",""rowId"":""i-VXq2DmJdSG"",""targetTableId"":""grid--O800Jgej_-select-list-c-cCFbjbzsAN""}}","{""value"":""""}","{""value"":{""url"":""https://www.academia.edu/1802032/_MEN_ARE_NOT_ANTS_CONSIDERING_ANTHROPOMORPHIC_ANTS_AND_PHYSICALIST_ANTS_IN_RECENT_FICTION"",""name"":""https://www.academia.edu/1802032/_MEN_ARE_NOT_ANTS_CONSIDERING_ANTHROPOMORPHIC_ANTS_AND_PHYSICALIST_ANTS_IN_RECENT_FICTION"",""type"":""urlref""}}","{""value"":""""}","{""value"":""""}","{""value"":""“MEN ARE NOT ANTS”: CONSIDERING ANTHROPOMORPHIC ANTS AND PHYSICALIST ANTS IN RECENT FICTION""}","{""value"":{""name"":""Paper "",""type"":""ref"",""rowId"":""i-FcZvZp0IRX"",""targetTableId"":""grid--O800Jgej_-select-list-c-5hxrpO1Q78""}}","{""value"":""2012""}","i-vjBOETbbNE"
"{""value"":""Charles Burns ""}","{""value"":""I don't have the book, so can't really draw claims -- can cite as example of a media used to explore the question though.""}","{""value"":""""}","{""value"":""""}","{""value"":""""}","{""value"":{""url"":""https://www.amazon.com/Hive-Pantheon-Graphic-Library/dp/0307907880"",""name"":""https://www.amazon.com/Hive-Pantheon-Graphic-Library/dp/0307907880"",""type"":""urlref""}}","{""value"":""""}","{""value"":""""}","{""value"":""The Hive""}","{""value"":{""name"":""Comic book"",""type"":""ref"",""rowId"":""i--Z8KsgeVuH"",""targetTableId"":""grid--O800Jgej_-select-list-c-5hxrpO1Q78""}}","{""value"":""2012""}","i-eYluQ60G6I"
"{""value"":""Michael DeForge""}","{""value"":""I don't have the book, so can't really draw claims -- can cite as example of a media used to explore the question though.""}","{""value"":""""}","{""value"":""""}","{""value"":""""}","{""value"":{""url"":""https://www.amazon.com/Ant-Colony-Michael-DeForge/dp/177046137X"",""name"":""https://www.amazon.com/Ant-Colony-Michael-DeForge/dp/177046137X"",""type"":""urlref""}}","{""value"":""""}","{""value"":""""}","{""value"":""Ant Colony""}","{""value"":{""name"":""Comic book"",""type"":""ref"",""rowId"":""i--Z8KsgeVuH"",""targetTableId"":""grid--O800Jgej_-select-list-c-5hxrpO1Q78""}}","{""value"":""2014""}","i-qTPukFS73L"
"{""value"":""Marvel Studios""}","{""value"":""Nestmates can be controlled (hence 3) by Humans. Then colonies have no emergent properties, each ant is told exactly where to go.""}","{""value"":{""name"":""0"",""type"":""ref"",""rowId"":""i-TDGWexfAbX"",""targetTableId"":""grid--O800Jgej_-select-list-c-DRghTQTpVq""}}","{""value"":{""name"":""Nestmate, Colony, Human"",""type"":""ref"",""rowId"":""i-RlAd7Co4eW"",""targetTableId"":""grid--O800Jgej_-select-list-c-cCFbjbzsAN""}}","{""value"":{""name"":""10"",""type"":""ref"",""rowId"":""i-wI6iUXXJOj"",""targetTableId"":""grid--O800Jgej_-select-list-c-omAD6hoPCJ""}}","{""value"":{""url"":""https://en.wikipedia.org/wiki/Ant-Man_(film)"",""name"":""https://en.wikipedia.org/wiki/Ant-Man_(film)"",""type"":""urlref""}}","{""value"":{""name"":""3"",""type"":""ref"",""rowId"":""i-cmx9BFH4Wg"",""targetTableId"":""grid--O800Jgej_-select-list-c-s2XU6Fs8Xl""}}","{""value"":""""}","{""value"":""Ant-Man""}","{""value"":{""name"":""Movie"",""type"":""ref"",""rowId"":""i-3gA8wFUhYF"",""targetTableId"":""grid--O800Jgej_-select-list-c-5hxrpO1Q78""}}","{""value"":""2015""}","i-X3A7GM-NdC"
"{""value"":""Fekete et al""}","{""value"":""""}","{""value"":""""}","{""value"":{""name"":""Nestmate, Colony"",""type"":""ref"",""rowId"":""i-tJw3cr0XJY"",""targetTableId"":""grid--O800Jgej_-select-list-c-cCFbjbzsAN""}}","{""value"":""""}","{""value"":{""url"":""https://www.frontiersin.org/articles/10.3389/fpsyg.2016.01041/full"",""name"":""https://www.frontiersin.org/articles/10.3389/fpsyg.2016.01041/full"",""type"":""urlref""}}","{""value"":""""}","{""value"":""""}","{""value"":""System, Subsystem, Hive: Boundary Problems in Computational Theories of Consciousness""}","{""value"":{""name"":""Paper "",""type"":""ref"",""rowId"":""i-FcZvZp0IRX"",""targetTableId"":""grid--O800Jgej_-select-list-c-5hxrpO1Q78""}}","{""value"":""2016""}","i-0j-FU9-RsM"
"{""value"":""Gayil Nalls""}","{""value"":""Olfaction is important for ants, they are having chemical experience.""}","{""value"":""""}","{""value"":{""name"":""Nestmate"",""type"":""ref"",""rowId"":""i-VXq2DmJdSG"",""targetTableId"":""grid--O800Jgej_-select-list-c-cCFbjbzsAN""}}","{""value"":""""}","{""value"":{""url"":""https://nautil.us/blog/what-its-like-to-be-an-ant"",""name"":""https://nautil.us/blog/what-its-like-to-be-an-ant"",""type"":""urlref""}}","{""value"":""""}","{""value"":""""}","{""value"":""What It’s Like to Be an Ant""}","{""value"":{""name"":""Blog "",""type"":""ref"",""rowId"":""i-0wFpjv3l7-"",""targetTableId"":""grid--O800Jgej_-select-list-c-5hxrpO1Q78""}}","{""value"":""2017""}","i-iotbRAGhLA"
"{""value"":""Benjamin Blanchard""}","{""value"":""\""Our biological understanding of ant hills cannot get off the ground without ascribing equal footing to ants and their colonies.\""..........“towards a ‘pataphysics of ant hills.”""}","{""value"":""""}","{""value"":{""name"":""Nestmate, Colony"",""type"":""ref"",""rowId"":""i-tJw3cr0XJY"",""targetTableId"":""grid--O800Jgej_-select-list-c-cCFbjbzsAN""}}","{""value"":""""}","{""value"":{""url"":""https://dailyant.com/2017/06/23/philosophy-phriday-towards-a-pataphysics-of-anthills/"",""name"":""https://dailyant.com/2017/06/23/philosophy-phriday-towards-a-pataphysics-of-anthills/"",""type"":""urlref""}}","{""value"":""""}","{""value"":""Similar stance, if a bit more silly, than our Synthese paper.""}","{""value"":""Philosophy Phriday: Towards a ‘Pataphysics of Anthills""}","{""value"":{""name"":""Blog "",""type"":""ref"",""rowId"":""i-0wFpjv3l7-"",""targetTableId"":""grid--O800Jgej_-select-list-c-5hxrpO1Q78""}}","{""value"":""2017""}","i-PezYSOncDH"
"{""value"":""Friston, Fortier, Friedman""}","{""value"":""\""unless the ant colony spends much of his time engaging with other ant colonies, I suspect the ant colony would not be selfaware\""""}","{""value"":""""}","{""value"":{""name"":""Colony"",""type"":""ref"",""rowId"":""i-VHS2IrBkkR"",""targetTableId"":""grid--O800Jgej_-select-list-c-cCFbjbzsAN""}}","{""value"":""""}","{""value"":{""url"":""https://www.aliusresearch.org/bulletin02-fristoninterview.html"",""name"":""https://www.aliusresearch.org/bulletin02-fristoninterview.html"",""type"":""urlref""}}","{""value"":""""}","{""value"":""But does he leave the door open for nestmate consciousness, because they interact with other similar agents?""}","{""value"":""Of woodlice and men: A Bayesian account of cognition, life and consciousness""}","{""value"":{""name"":""Interview"",""type"":""ref"",""rowId"":""i-GaLpXCGz5L"",""targetTableId"":""grid--O800Jgej_-select-list-c-5hxrpO1Q78""}}","{""value"":""2018""}","i-KxaoEZpWC1"
"{""value"":""Oscar Schwartz""}","{""value"":""Political claim, not sure if directly relevant to awareness. More like \""You can't map humans to ants\"" politically (but if you could, they would be communist) -- so not sure which 1-10 to rate each colum""}","{""value"":""""}","{""value"":{""name"":""Nestmate, Human"",""type"":""ref"",""rowId"":""i-e1PwY4l34y"",""targetTableId"":""grid--O800Jgej_-select-list-c-cCFbjbzsAN""}}","{""value"":""""}","{""value"":{""url"":""https://theoutline.com/post/5974/ants-helping-each-other-survive-and-thrive"",""name"":""https://theoutline.com/post/5974/ants-helping-each-other-survive-and-thrive"",""type"":""urlref""}}","{""value"":""""}","{""value"":""""}","{""value"":""Ants are communist as hell""}","{""value"":{""name"":""Blog"",""type"":""ref"",""rowId"":""i-Mr2Q81Q3xz"",""targetTableId"":""grid--O800Jgej_-select-list-c-5hxrpO1Q78""}}","{""value"":""2018""}","i-gGEjbFUpFL"
"{""value"":""developedreality_xnn7xp""}","{""value"":""\""It seems unlikely that we can ever truly understand what it is like to be another mammal–let alone an insect. However, virtual reality technologies are beginning to make it possible to build these thought experiments into actual experiences.\""""}","{""value"":""""}","{""value"":{""name"":""Nestmate"",""type"":""ref"",""rowId"":""i-VXq2DmJdSG"",""targetTableId"":""grid--O800Jgej_-select-list-c-cCFbjbzsAN""}}","{""value"":""""}","{""value"":{""url"":""http://www.developedreality.com/2019/03/09/gamefied-nature-documentary/"",""name"":""http://www.developedreality.com/2019/03/09/gamefied-nature-documentary/"",""type"":""urlref""}}","{""value"":""""}","{""value"":""Visual awareness""}","{""value"":""What is it like to be an ant?""}","{""value"":{""name"":""Virtual Reality Game"",""type"":""ref"",""rowId"":""i-JJ79YjQ8Sh"",""targetTableId"":""grid--O800Jgej_-select-list-c-5hxrpO1Q78""}}","{""value"":""2019""}","i-cm6LfrqOPY"
"{""value"":""Unknown""}","{""value"":{""name"":""image.png"",""type"":""ref"",""rowId"":""bl-n8-YKYHQJ5"",""targetTableId"":""Global-Blobs""}}","{""value"":{""name"":""0"",""type"":""ref"",""rowId"":""i-TDGWexfAbX"",""targetTableId"":""grid--O800Jgej_-select-list-c-DRghTQTpVq""}}","{""value"":{""name"":""Human"",""type"":""ref"",""rowId"":""i-kQt1Io_XMW"",""targetTableId"":""grid--O800Jgej_-select-list-c-cCFbjbzsAN""}}","{""value"":{""name"":""8"",""type"":""ref"",""rowId"":""i-eYh7M1czwW"",""targetTableId"":""grid--O800Jgej_-select-list-c-omAD6hoPCJ""}}","{""value"":{""url"":""https://www.reddit.com/r/Enneagram/comments/gst03p/meme_enneagram_types_and_ants_at_home/"",""name"":""https://www.reddit.com/r/Enneagram/comments/gst03p/meme_enneagram_types_and_ants_at_home/"",""type"":""urlref""}}","{""value"":{""name"":""3"",""type"":""ref"",""rowId"":""i-cmx9BFH4Wg"",""targetTableId"":""grid--O800Jgej_-select-list-c-s2XU6Fs8Xl""}}","{""value"":""Image at left, this is about how human psychological types interact with Ants. Wasn't sure how to give single number rating, since there are multiple perspectives in the meme.""}","{""value"":""[ Meme ] Enneagram Types and ants 🐜 at home 🏠""}","{""value"":{""name"":""Image meme"",""type"":""ref"",""rowId"":""i-Z-1VV33r1Z"",""targetTableId"":""grid--O800Jgej_-select-list-c-5hxrpO1Q78""}}","{""value"":""2020""}","i-OrO2W6qd8Q"
"{""value"":""Solomon""}","{""value"":""Nestmates & People can have wisdom -- colony is not directly mentioned""}","{""value"":{""name"":""NA"",""type"":""ref"",""rowId"":""i-zdjBqOdZoo"",""targetTableId"":""grid--O800Jgej_-select-list-c-DRghTQTpVq""}}","{""value"":{""name"":""Nestmate, Colony, Human"",""type"":""ref"",""rowId"":""i-RlAd7Co4eW"",""targetTableId"":""grid--O800Jgej_-select-list-c-cCFbjbzsAN""}}","{""value"":{""name"":""10"",""type"":""ref"",""rowId"":""i-wI6iUXXJOj"",""targetTableId"":""grid--O800Jgej_-select-list-c-omAD6hoPCJ""}}","{""value"":{""url"":""https://en.wikipedia.org/wiki/Valley_of_the_ants"",""name"":""https://en.wikipedia.org/wiki/Valley_of_the_ants"",""type"":""urlref""}}","{""value"":{""name"":""10"",""type"":""ref"",""rowId"":""i-yyfaZxJkbM"",""targetTableId"":""grid--O800Jgej_-select-list-c-s2XU6Fs8Xl""}}","{""value"":{""root"":{""children"":[{""id"":""cl-meaSgwGf4J"",""type"":""Line"",""style"":""Paragraph"",""children"":[{""text"":""Other Talmudic ants: ""},{""id"":""esv-CspKu4uvw3"",""type"":""InlineStructuredValue"",""color"":""Blue"",""value"":{""url"":""https://www.jewishencyclopedia.com/articles/1570-ant-in-jewish-literature-the"",""name"":""https://www.jewishencyclopedia.com/articles/1570-ant-in-jewish-literature-the"",""type"":""urlref""},""children"":[{""text"":""""}],""underline"":true},{""text"":""""}],""alignment"":""Left"",""lineLevel"":0}]},""type"":""slate""}}","{""value"":""Valley of the ants""}","{""value"":{""name"":""Story"",""type"":""ref"",""rowId"":""i-zz7ye1BdNv"",""targetTableId"":""grid--O800Jgej_-select-list-c-5hxrpO1Q78""}}","{""value"":""Ancient""}","i-G1w324zNj8"
"{""value"":""Gary Larson""}","{""value"":{""name"":""image.png"",""type"":""ref"",""rowId"":""bl-kWpo7O6iGH"",""targetTableId"":""Global-Blobs""}}","{""value"":{""name"":""0"",""type"":""ref"",""rowId"":""i-TDGWexfAbX"",""targetTableId"":""grid--O800Jgej_-select-list-c-DRghTQTpVq""}}","{""value"":{""name"":""Nestmate"",""type"":""ref"",""rowId"":""i-VXq2DmJdSG"",""targetTableId"":""grid--O800Jgej_-select-list-c-cCFbjbzsAN""}}","{""value"":{""name"":""NA"",""type"":""ref"",""rowId"":""i-tqHMLjXPHk"",""targetTableId"":""grid--O800Jgej_-select-list-c-omAD6hoPCJ""}}","{""value"":""n/a""}","{""value"":{""name"":""7"",""type"":""ref"",""rowId"":""i-8fw14GmSdc"",""targetTableId"":""grid--O800Jgej_-select-list-c-s2XU6Fs8Xl""}}","{""value"":""""}","{""value"":""Farside Comic""}","{""value"":{""name"":""Comic"",""type"":""ref"",""rowId"":""i-DWgvZaGzJG"",""targetTableId"":""grid--O800Jgej_-select-list-c-5hxrpO1Q78""}}","{""value"":""Not known""}","i-Z40xk947F3"
