"Name","rowId"
"{""value"":""History of Hive mind? ""}","i-IqIqsiggMT"
"{""value"":""Ancient Greek""}","i-U0IlCEzvEv"
"{""value"":""What do people see, when they look at Colony?""}","i-t0ZM-Q-XSl"
"{""value"":""Hamilton""}","i-BHZknKOAFq"
"{""value"":""Fisher""}","i-umUb5r-l7g"
"{""value"":""Darwin's special problem""}","i-yI2jk6V1VB"
"{""value"":""\""Acting as one\"" ""}","i-KGiQ4679Vl"
"{""value"":""Humans as ants, mass/crowd of people""}","i-EVczASS8Pf"
"{""value"":""Ender's Game""}","i-rM3uHWbwft"
"{""value"":""Bible""}","i-cpSBtD3Ybc"
"{""value"":""Starship Troopers""}","i-qwk-euhWL2"
"{""value"":""Lots of \""Far Side\"" comics give us answers to the question of the ant.""}","i-H4z28Rq9Ka"
"{""value"":{""root"":{""children"":[{""id"":""cl-BsDnrPNOBl"",""type"":""Line"",""style"":""Paragraph"",""children"":[{""bold"":true,""text"":""-Honey I Shrunk the Kids - they get shrunk down to the size of an ant and meet an ant. Every myrmecologists dream or nightmare.""}],""alignment"":""Left"",""lineLevel"":0}]},""type"":""slate""}}","i-NBadJqd4Xo"
"{""value"":{""root"":{""children"":[{""id"":""cl-rjczTMactW"",""type"":""Line"",""style"":""Paragraph"",""children"":[{""bold"":true,""text"":""-Oblivion - Tom Cruise as an army of unknowing clones, each following a few simple directive that help an alien machine control the planet""}],""alignment"":""Left"",""lineLevel"":0}]},""type"":""slate""}}","i-gQti73NYud"
"{""value"":""Lewontin ants""}","i-CKD5EoFdTg"
"{""value"":""""}","i-TrM3OCdWzL"
